{"gpt2-small": {"num_nodes": [144, 143, 142, 141, 141, 135, 133, 127, 125, 119, 96, 83, 63, 24], "ablation_scores_kl": [0.0, 0.01704786717891693, 0.0235801599919796, 0.021552659571170807, 0.021552659571170807, 0.10752813518047333, 0.156185582280159, 0.4514929950237274, 0.47933700680732727, 0.6253464818000793, 1.7234938144683838, 2.712106227874756, 3.0557589530944824, 5.052854061126709], "ablation_scores_ld": [0.0, 0.06242306903004646, 0.07387442141771317, 0.08673673123121262, 0.08673673123121262, 0.38414865732192993, 0.4698345959186554, 1.055719017982483, 1.1264781951904297, 1.3390649557113647, 2.3982787132263184, 4.789102554321289, 5.582209587097168, 9.15031909942627], "faithfulness_scores_kl": [1.0, 0.9965704083442688, 0.995256245136261, 0.9956641793251038, 0.9956641793251038, 0.9783679842948914, 0.9685793519020081, 0.9091708660125732, 0.9035692811012268, 0.8741958141326904, 0.6532758474349976, 0.45439159870147705, 0.38525721430778503, -0.016508692875504494], "faithfulness_scores_ld": [1.0, 0.9931138157844543, 0.9918504953384399, 0.9904316067695618, 0.9904316067695618, 0.9576224088668823, 0.9481698870658875, 0.8835375905036926, 0.8757317662239075, 0.8522801399230957, 0.7354322075843811, 0.571686840057373, 0.4841947019100189, -0.009423759765923023]}, "EleutherAI/pythia-160m-deduped": {"num_nodes": [144, 144, 143, 142, 138, 132, 129, 125, 119, 109, 102, 92, 78, 48, 24], "ablation_scores_kl": [0.0, 0.0, 0.0542549230158329, 0.07351912558078766, 0.17054592072963715, 0.359404057264328, 0.3953583836555481, 0.6107990741729736, 0.8786149621009827, 1.9734830856323242, 2.049914598464966, 2.2443857192993164, 3.607400417327881, 2.662510395050049, 3.305997610092163], "ablation_scores_ld": [0.0, 0.0, 0.10411156713962555, 0.024353452026844025, 0.13129138946533203, 0.08893600851297379, 0.307037353515625, 0.5662607550621033, 1.3842504024505615, 4.35438346862793, 4.566582679748535, 5.792262554168701, 6.283637523651123, 11.16111946105957, 13.49463939666748], "faithfulness_scores_kl": [1.0, 1.0, 0.9848266243934631, 0.9794390797615051, 0.9523038864135742, 0.8994864225387573, 0.8894311785697937, 0.8291794657707214, 0.754280149936676, 0.44808125495910645, 0.42670586705207825, 0.37231865525245667, -0.008872026577591896, 0.25538283586502075, 0.07542049139738083], "faithfulness_scores_ld": [1.0, 1.0, 0.9920353889465332, 0.9981369972229004, 0.9899561405181885, 0.9931963682174683, 0.9765114784240723, 0.9566808342933655, 0.8941041827201843, 0.666887640953064, 0.6506543159484863, 0.6568892359733582, 0.6192988514900208, 0.24616920053958893, -0.032346151769161224]}, "opt-125m": {"num_nodes": [144, 143, 143, 138, 137, 134, 133, 130, 130, 123, 118, 108, 24], "ablation_scores_kl": [0.0, 0.005701673682779074, 0.005701673682779074, 0.13299408555030823, 0.18097971379756927, 0.21460239589214325, 0.14163200557231903, 0.5200830698013306, 0.5200830698013306, 0.719221293926239, 1.6496047973632812, 1.9802043437957764, 3.395120859146118], "ablation_scores_ld": [0.0, 0.03457021713256836, 0.03457021713256836, 0.3327178955078125, 0.43430137634277344, 0.4709542691707611, 0.3276735544204712, 0.9126183986663818, 0.9126183986663818, 1.2881897687911987, 2.6811487674713135, 3.2688710689544678, 6.402953624725342], "faithfulness_scores_kl": [1.0, 0.9984081387519836, 0.9984081387519836, 0.9628702998161316, 0.9494735598564148, 0.9400867223739624, 0.9604587554931641, 0.8548018336296082, 0.8548018336296082, 0.7992058396339417, 0.5394588112831116, 0.44716113805770874, 0.05214088410139084], "faithfulness_scores_ld": [1.0, 0.9946017861366272, 0.9946017861366272, 0.9480453729629517, 0.9321829080581665, 0.9264594316482544, 0.9488330483436584, 0.8574926853179932, 0.8574926853179932, 0.7988463044166565, 0.6813327431678772, 0.5895585775375366, 0.00016470368427690119]}}