{"5": [0.7403846153846154, 0.8461538461538461, 0.6923076923076923, 0.8493589743589745, 0.733974358974359], "10": [0.8493589743589745, 0.7211538461538461, 0.9423076923076923, 0.7788461538461539, 0.8012820512820511], "25": [0.8173076923076923, 0.7051282051282051, 0.8557692307692308, 0.8846153846153846, 0.8461538461538461], "50": [0.9006410256410255, 0.8012820512820512, 0.8205128205128206, 0.8750000000000001, 0.8076923076923077], "100": [0.8846153846153846, 0.8108974358974359, 0.8397435897435898, 0.8333333333333334, 0.8557692307692307], "250": [0.8974358974358975, 0.8237179487179488, 0.8525641025641025, 0.7980769230769231, 0.8685897435897435]}