{"5": [0.6403194263363755, 0.7791720990873533, 0.754400260756193], "10": [0.7912320730117339, 0.7638526727509778, 0.8006844850065189], "25": [0.7832464146023469, 0.7661342894393741, 0.7933507170795306], "50": [0.7817796610169492, 0.8277379400260756, 0.8510430247718382], "100": [0.830019556714472, 0.7917209908735333, 0.8564211212516297], "250": [0.8759778357235984, 0.8761408083441982, 0.8867340286831813]}