{"5": [0.5909465020576132, 0.5234567901234568, 0.5242798353909466, 0.5888888888888888, 0.5666666666666667], "10": [0.6905349794238683, 0.7111111111111111, 0.5794238683127573, 0.5600823045267489, 0.6259259259259259], "25": [0.6522633744855967, 0.6637860082304526, 0.5263374485596708, 0.7213991769547325, 0.8012345679012345], "50": [0.602880658436214, 0.7016460905349793, 0.660082304526749, 0.6576131687242798, 0.6781893004115226], "100": [0.6473251028806585, 0.7267489711934156, 0.7246913580246913, 0.7893004115226337, 0.8069958847736627], "250": [0.8164609053497942, 0.8938271604938273, 0.8489711934156379, 0.8111111111111111, 0.8534979423868312]}