{"5": [0.7920469361147326, 0.8145371577574967, 0.7754237288135593, 0.7871577574967406, 0.7097457627118644], "10": [0.7897653194263363, 0.7671121251629727, 0.7537483702737939, 0.7459256844850065, 0.7752607561929595], "25": [0.771838331160365, 0.7992177314211213, 0.820078226857888, 0.8147001303780965, 0.8148631029986962], "50": [0.8065514993481095, 0.7750977835723598, 0.7879726205997393, 0.8143741851368971, 0.7954693611473272], "100": [0.7944915254237288, 0.8003585397653193, 0.7679269882659713, 0.7949804432855281, 0.8169817470664928], "250": [0.8515319426336376, 0.8309973924380704, 0.8107887874837028, 0.8710886571056062, 0.8058996088657104]}