{
    "ioi": {
        "edge": {
            "mean_roc": 0.8398305084745763,
            "std_roc": 0.023925557452880008
        },
        "node": {
            "mean_roc": 0.8679269882659714,
            "std_roc": 0.007586266081160216
        }
    },
    "gt": {
        "edge": {
            "mean_roc": 0.8733744855967076,
            "std_roc": 0.02001121635051014
        },
        "node": {
            "mean_roc": 0.8553086419753086,
            "std_roc": 0.0364527297172077
        }
    },
    "ds": {
        "edge": {
            "mean_roc": 0.8955128205128204,
            "std_roc": 0.017212463566791736
        },
        "node": {
            "mean_roc": 0.8685897435897434,
            "std_roc": 0.03805878874050616
        }
    }
}