{
    "ioi": {
        "mean_roc": 0.8557203389830509,
        "std_roc": 0.02060789270795095
    },
    "gt": {
        "mean_roc": 0.8501234567901234,
        "std_roc": 0.05059814285615764
    },
    "ds": {
        "mean_roc": 0.8105769230769232,
        "std_roc": 0.05273288256252506
    }
}